damcode,Day,Model,Training Method,NSE,KGE,RMSE,PBIAS
1003110,1,lstm,nopre,0.8015128715315912,0.8201607846127745,157.51702667795584,-2.706665012215492
1003110,1,lstm,onlypre,0.7792247746611228,0.7859639376592884,166.12557583606375,-6.705874854339903
1003110,1,lstm,fine,0.6428492011183768,0.7753651064088154,211.293989844004,-4.495289038154341
1003110,1,transformer,nopre,0.6587463816151126,0.8012383073343099,206.53799821101907,-1.5881512294469444
1003110,1,transformer,onlypre,0.7198757507527134,0.8329043939718943,187.1270985406731,9.436089150799559
1003110,1,transformer,fine,0.7095291611670611,0.8070051698482337,190.551600296175,12.565349536633892
1003110,2,lstm,nopre,0.7575689618882895,0.7729538748938156,174.0818518044758,-8.742349419107068
1003110,2,lstm,onlypre,0.7606540535031545,0.8754519373203398,172.97065327915902,-0.4188445387269488
1003110,2,lstm,fine,0.5051994763115191,0.6623988778916854,248.6992425627912,-8.251005318109216
1003110,2,transformer,nopre,0.6263868852261434,0.7698330796926313,216.10780070606086,4.733794958400618
1003110,2,transformer,onlypre,0.734618914822489,0.8335609937200729,182.13540261694115,10.092850782064398
1003110,2,transformer,fine,0.6686956895183043,0.7829460185080594,203.5039908575563,3.559318024977095
1003110,3,lstm,nopre,0.7459880011212848,0.7291164021772646,178.18901480947397,-12.097796116730633
1003110,3,lstm,onlypre,0.764560696403733,0.8615847123555903,171.55101536817105,-4.6355632190286284
1003110,3,lstm,fine,0.5197380291851721,0.6727235420278965,245.01513369791977,-8.894823752192101
1003110,3,transformer,nopre,0.6019547067733784,0.7546747751428251,223.05915726593327,11.298215324665703
1003110,3,transformer,onlypre,0.7108251748748937,0.8036704441423436,190.1227342365711,13.099934657133035
1003110,3,transformer,fine,0.6766032035073367,0.7694044641262534,201.0581431731529,3.3418113836092926
1003110,4,lstm,nopre,0.7296161756304227,0.754566715172463,183.84175781039266,-10.241100212993489
1003110,4,lstm,onlypre,0.7645017416343057,0.8510760821569906,171.57249249062215,-6.42547150018446
1003110,4,lstm,fine,0.5207283585439091,0.6668168440272435,244.76238529011545,-8.29438284295149
1003110,4,transformer,nopre,0.5190904895537913,0.7217079787345315,245.1802556266873,15.469463778876314
1003110,4,transformer,onlypre,0.5849284251412632,0.6070925751317962,227.77985232097117,31.590634621131876
1003110,4,transformer,fine,0.6450379234522021,0.7868697936522502,210.64191229118538,2.411792149524409
1003110,5,lstm,nopre,0.7169038972914167,0.7583804342236087,188.11219109704433,-9.24785183461087
1003110,5,lstm,onlypre,0.7662826128131108,0.8450940094603102,170.92103263971876,-7.628401233282834
1003110,5,lstm,fine,0.5209253313596054,0.6635208212095298,244.70993443908222,-8.402636763590763
1003110,5,transformer,nopre,0.5734874380200232,0.7455724423954116,230.89573460866515,13.081788330250253
1003110,5,transformer,onlypre,0.632517655044335,0.6916907417331526,214.32273179757047,23.981614810637875
1003110,5,transformer,fine,0.6582882009651264,0.7689754028253994,206.67121096752857,2.4481969678474687
1003110,6,lstm,nopre,0.7184872441250222,0.7537335639460937,187.58498375401942,-9.23182074820767
1003110,6,lstm,onlypre,0.7683427249183057,0.8357061157963547,170.16569138613755,-8.81088790351069
1003110,6,lstm,fine,0.5283108156517904,0.6672095273411804,242.8158263286769,-8.826678296542775
1003110,6,transformer,nopre,0.5563929017223517,0.7319528488427565,235.4768807214328,10.831719779157874
1003110,6,transformer,onlypre,0.7477705811867883,0.8393708178449533,177.5607212386936,3.921077227354498
1003110,6,transformer,fine,0.6584670676468647,0.7845666338341648,206.61665405023098,10.404709423134348
1003110,7,lstm,nopre,0.7183427487036298,0.7558933963342471,187.63382628489856,-9.124611928923494
1003110,7,lstm,onlypre,0.7710172004949383,0.8261147447360997,169.18119838063214,-9.767392138775046
1003110,7,lstm,fine,0.5348087306693068,0.6704655135947348,241.13843847397962,-9.098251199625738
1003110,7,transformer,nopre,0.5907731189198908,0.7513989163016507,226.16882585910554,6.958985204595885
1003110,7,transformer,onlypre,0.7233756172424844,0.8074457896924753,185.94987704281544,9.487620297841323
1003110,7,transformer,fine,0.6510269649547689,0.7764931201447524,208.8558296153982,13.624810494400567
1006110,1,lstm,nopre,0.6197048657282851,0.6853614524215971,11.31512360834623,4.093436123478278
1006110,1,lstm,onlypre,0.6368797611808763,0.7359120666897567,11.056664861556499,10.296186547216541
1006110,1,lstm,fine,0.6099794581034028,0.6443121156581223,11.458892862317828,-20.408486159391696
1006110,1,transformer,nopre,0.4934622895389913,0.7436636229702647,13.058846281461465,5.699723726070716
1006110,1,transformer,onlypre,0.6981667804699371,0.7070201568434769,10.080508410504011,24.82737814224761
1006110,1,transformer,fine,0.7252311592740595,0.6686265412804842,9.6179531869989,8.763685109185277
1006110,2,lstm,nopre,0.5488061364863761,0.7022438083889491,12.324737110177324,6.968488540539404
1006110,2,lstm,onlypre,0.5880664324145808,0.710313424155224,11.776321776085487,-16.12359042332495
1006110,2,lstm,fine,0.5213918548488343,0.5471114777858446,12.693638177522912,-29.06708445598057
1006110,2,transformer,nopre,0.21318135576805097,0.6079434301300972,16.275464547187216,14.49843990078534
1006110,2,transformer,onlypre,0.6451430485036815,0.7062895213128996,10.93006465350888,18.634289541602364
1006110,2,transformer,fine,0.6531045367952856,0.6366188682355944,10.806756905834543,9.275221223655672
1006110,3,lstm,nopre,0.4837486450059575,0.6425382617928252,13.183353839569257,9.000354353927097
1006110,3,lstm,onlypre,0.5835691882569718,0.7421881774527928,11.840409811375128,-1.841865003233942
1006110,3,lstm,fine,0.4868210813036269,0.5253756270647083,13.144065360989913,-29.91148296037398
1006110,3,transformer,nopre,0.22063987139365093,0.6275229838990359,16.19811202967885,3.93194350734952
1006110,3,transformer,onlypre,0.5976236865590647,0.6840874486702049,11.638888562808528,22.20410423687446
1006110,3,transformer,fine,0.634427868302756,0.653827919349748,11.093838695865909,5.742726725774629
1006110,4,lstm,nopre,0.4648635202393635,0.6165975348581191,13.422352460104376,14.334053110837708
1006110,4,lstm,onlypre,0.590464230006462,0.7394305095390502,11.742005521256447,1.3399840145562567
1006110,4,lstm,fine,0.4746124164976393,0.5050633586431672,13.299529054495517,-30.68977397382523
1006110,4,transformer,nopre,0.15400010602393643,0.6110922546756291,16.876466219278186,-2.0094286854351586
1006110,4,transformer,onlypre,0.6301562803427858,0.6943724691704332,11.158491431915385,22.07440990323542
1006110,4,transformer,fine,0.5985595810749164,0.6573457863145686,11.625373337342966,4.466369970301174
1006110,5,lstm,nopre,0.46718640743958606,0.6037464214373354,13.393116788661263,17.892839836522278
1006110,5,lstm,onlypre,0.5964806104440565,0.7428410747827572,11.655373953919568,-0.44813464845257794
1006110,5,lstm,fine,0.4864093622743063,0.5104452127434396,13.149297682250499,-30.68789083933369
1006110,5,transformer,nopre,0.19609713567866927,0.6262317818658576,16.45113234561745,2.102690432733936
1006110,5,transformer,onlypre,0.6510980779023748,0.7941431326319331,10.837913715969991,6.372816296216847
1006110,5,transformer,fine,0.6363461309339238,0.6745608063592979,11.064661048808887,0.932501487358653
1006110,6,lstm,nopre,0.47346361979293416,0.5976223979407246,13.314021492901505,19.572018358562858
1006110,6,lstm,onlypre,0.6006019545242712,0.7448104666533305,11.595728267013268,-2.4018778142547723
1006110,6,lstm,fine,0.47129676087382155,0.521499213099869,13.341389009158757,-29.94882198742526
1006110,6,transformer,nopre,0.16236954867146913,0.6135027210054929,16.79272943419728,2.09723183131502
1006110,6,transformer,onlypre,0.6076049852856316,0.6926914592505513,11.493619154993864,-11.47187091605604
1006110,6,transformer,fine,0.6183000292436953,0.6461952443628446,11.335903111255364,7.094888212762411
1006110,7,lstm,nopre,0.4668148945512133,0.5847433215355999,13.39799250391915,20.180984830513463
1006110,7,lstm,onlypre,0.6009912182112263,0.7445860319187204,11.590227299395067,-3.5031143997066536
1006110,7,lstm,fine,0.4410452728052967,0.5310532488051445,13.717944540586046,-28.85239363581505
1006110,7,transformer,nopre,0.05001119161090917,0.5660237967750572,17.883806842023215,6.252133429376668
1006110,7,transformer,onlypre,0.6246366305315201,0.6944038796984515,11.24156226997841,17.008718384053203
1006110,7,transformer,fine,0.6236995662501997,0.6556946352410629,11.255585348890696,8.790254570413763
1012110,1,lstm,nopre,0.7870693855929071,0.8398727454415122,101.0872826722126,4.5489857869731525
1012110,1,lstm,onlypre,0.8264972886358334,0.830799110996992,91.24952277103863,-7.4917012595428565
1012110,1,lstm,fine,0.8122379164333333,0.8805966435349355,94.92517725239554,-4.711731048899604
1012110,1,transformer,nopre,0.7742813191438055,0.7983674514132802,104.07854699486695,-13.850445913378106
1012110,1,transformer,onlypre,0.8057184196104361,0.8652002826718661,96.5591163267172,9.066118477663878
1012110,1,transformer,fine,0.8073891859953143,0.8436329092115626,96.14302935651024,-8.142478184823885
1012110,2,lstm,nopre,0.7982615148564955,0.8778085542229978,98.39432809025423,6.394661021622813
1012110,2,lstm,onlypre,0.8239831552336134,0.9027385404571981,91.9078914272498,0.3679771987764324
1012110,2,lstm,fine,0.814679590388455,0.8953081671001218,94.30556306215132,-4.457599577238103
1012110,2,transformer,nopre,0.8018914637725563,0.6881923075354426,97.50508859425797,-27.685880587364466
1012110,2,transformer,onlypre,0.8248957202977527,0.8939125189589222,91.66933209261472,5.207236862130323
1012110,2,transformer,fine,0.8454347416221978,0.7983195666653934,86.12547473284928,-14.471446448943862
1012110,3,lstm,nopre,0.8173312907232295,0.8767296738516153,93.62533259919604,7.953165532972998
1012110,3,lstm,onlypre,0.8220776060407932,0.8942823831864682,92.40098485656947,3.26298581132239
1012110,3,lstm,fine,0.8397041865941732,0.9138160888509206,87.70460224270383,-2.724169840613606
1012110,3,transformer,nopre,0.8059953265579973,0.7232900550649946,96.48668585753425,-24.592030594456862
1012110,3,transformer,onlypre,0.7932509626133651,0.8739609201293099,99.60543616585429,5.943077735676517
1012110,3,transformer,fine,0.8182442757484187,0.7594655760838297,93.39106806384093,-15.1780159209204
1012110,4,lstm,nopre,0.8273194975694957,0.8708489185124914,91.02997746745979,8.998528389185934
1012110,4,lstm,onlypre,0.8233069018667691,0.8896513840845496,92.08154049398698,4.465647296187796
1012110,4,lstm,fine,0.8430925368891176,0.9168189312540118,86.77299425534255,-1.9797942233967907
1012110,4,transformer,nopre,0.810984461790941,0.813460207443876,95.23827859440127,-14.23381331612955
1012110,4,transformer,onlypre,0.7605474135955288,0.7503023556506562,107.19451153185096,15.905175149813122
1012110,4,transformer,fine,0.8486841644672767,0.8170487920236689,85.21282699365447,-12.473042141122752
1012110,5,lstm,nopre,0.8265596717638123,0.8670681746029789,91.22982846202109,9.117230757796035
1012110,5,lstm,onlypre,0.8216884935244517,0.8899971810409472,92.50208023279653,3.9579856897184316
1012110,5,lstm,fine,0.8438126783916171,0.9163055623906937,86.573445787069,-1.9251230397261903
1012110,5,transformer,nopre,0.8215602545893582,0.818598164842648,92.53533730199835,-9.479403288588621
1012110,5,transformer,onlypre,0.7645721975512478,0.7457115196003727,106.28957959280766,18.34496585708332
1012110,5,transformer,fine,0.83812881145597,0.7847481723376019,88.1346314269918,-16.44148135330449
1012110,6,lstm,nopre,0.8236062165824783,0.8645383679704406,92.00316293499,8.47648638226634
1012110,6,lstm,onlypre,0.8238383046764367,0.8915524007390382,91.94261696045962,3.040900614458806
1012110,6,lstm,fine,0.8447801983954674,0.9160010437066993,86.30474671285857,-2.0218236028162546
1012110,6,transformer,nopre,0.8024997542089557,0.8455197736867599,97.35201399926927,-7.012509073119196
1012110,6,transformer,onlypre,0.800853818807626,0.8974230879746563,97.75683037309278,2.663252828714613
1012110,6,transformer,fine,0.81558877077397,0.8050253907001961,94.07079226738537,-13.688748815813351
1012110,7,lstm,nopre,0.8134964032044739,0.8548401838235357,94.60343089014903,7.098900447045418
1012110,7,lstm,onlypre,0.8251164961898537,0.8901486429968389,91.60890748833802,2.3332408581634834
1012110,7,lstm,fine,0.8529262641429716,0.9210577405962402,84.0099725936057,-1.8070616381953284
1012110,7,transformer,nopre,0.7913994393280892,0.7739808678990374,100.05090391078147,-14.639280304027857
1012110,7,transformer,onlypre,0.7636992407673215,0.8280498511032438,106.4868154613687,12.64383057199787
1012110,7,transformer,fine,0.8270583592478129,0.8228319545656481,91.0988864538634,-12.4683925880343
2001110,1,lstm,nopre,0.678125935080931,0.7548520505154309,44.06596355042294,13.60316509064367
2001110,1,lstm,onlypre,0.42326004990018473,0.6200745760384572,58.986183331123726,18.291969783017745
2001110,1,lstm,fine,0.7076844172994062,0.8263288325214513,41.99390507109465,-2.063887281421452
2001110,1,transformer,nopre,0.7411068406656751,0.7103113957668357,39.52033035042016,20.25078579817156
2001110,1,transformer,onlypre,0.41410382533536194,0.5731945107048111,59.452566830667294,22.474582689842634
2001110,1,transformer,fine,0.6406832958794785,0.7611852977908963,46.55850024236833,14.074971100781953
2001110,2,lstm,nopre,0.6612260076205031,0.7429736719594145,45.20815107490652,13.69140009445169
2001110,2,lstm,onlypre,0.28923175042675686,0.5019284202023897,65.48257125330849,28.845955066081427
2001110,2,lstm,fine,0.6653907772205767,0.8310574885603385,44.92940508352388,0.15474992776742755
2001110,2,transformer,nopre,0.7149281452937164,0.658205291743749,41.47046309899062,22.311686985042297
2001110,2,transformer,onlypre,0.5034137083519892,0.7332095947459814,54.73423818876565,8.251962391289362
2001110,2,transformer,fine,0.6808272999716176,0.6302191465450107,43.88080470449098,-15.795363413006234
2001110,3,lstm,nopre,0.6585292586545908,0.7353071097961521,45.38761226765392,13.891276446803332
2001110,3,lstm,onlypre,0.27363635561236954,0.4486615892255481,66.19689771598169,36.98120864882513
2001110,3,lstm,fine,0.6674693352771743,0.8280568124400504,44.78952303883907,1.7906523560653247
2001110,3,transformer,nopre,0.6467891833854713,0.616514668494885,46.16125258165716,28.11098917376877
2001110,3,transformer,onlypre,0.24889647419313754,0.5561279624574071,67.31478883647094,14.375055021710807
2001110,3,transformer,fine,0.5626713196900599,0.4307919195395522,51.364677685533664,-27.455667797989474
2001110,4,lstm,nopre,0.6544196354499557,0.7316969156466739,45.659635425639514,14.161276255599335
2001110,4,lstm,onlypre,0.2748506294767771,0.4323279619183622,66.14113563700747,39.629915013724336
2001110,4,lstm,fine,0.6682647387958567,0.8257272568116791,44.73564759030703,2.416906678838247
2001110,4,transformer,nopre,0.6765443602879664,0.6029014445456382,44.173852244900935,33.891897827688034
2001110,4,transformer,onlypre,0.15217210055921138,0.39428550555691455,71.51740737411578,27.74826550803587
2001110,4,transformer,fine,0.5928753583296256,0.5674666246536118,49.55889391238657,-17.042678029266128
2001110,5,lstm,nopre,0.6580888902091042,0.7257187543933441,45.41681068575503,13.554901026409064
2001110,5,lstm,onlypre,0.28106720526696116,0.4399567720844165,65.85733833721345,39.24566700828547
2001110,5,lstm,fine,0.6685978328690982,0.8218380952012909,44.7134004427992,1.6895831295128825
2001110,5,transformer,nopre,0.6954338515217383,0.6515453415126464,42.86480404644528,12.564873918014955
2001110,5,transformer,onlypre,0.43192959307941103,0.5678541383657172,58.54113117454953,22.25810338214118
2001110,5,transformer,fine,0.7189752341912731,0.7780524557611079,41.17487831470362,4.456772863007435
2001110,6,lstm,nopre,0.659858403663314,0.7194545309506659,45.29954412713284,13.027807767504601
2001110,6,lstm,onlypre,0.28728509770225163,0.4496170427748243,65.57252064727719,38.48281448363202
2001110,6,lstm,fine,0.6722940159900739,0.8183901819668481,44.46375583734986,0.8522343743677214
2001110,6,transformer,nopre,0.663701043058238,0.6715763464357779,45.042938884229116,4.5919948139975535
2001110,6,transformer,onlypre,0.6640880042114552,0.8232403409259784,45.01701717973825,6.237737631046517
2001110,6,transformer,fine,0.7252994480987989,0.8054410381488325,40.70930843427191,7.2641005233262685
2001110,7,lstm,nopre,0.6620625384526975,0.7180038192095237,45.15403700535755,12.949414370500532
2001110,7,lstm,onlypre,0.289016044449421,0.453387841270969,65.49502556155188,38.11670121011786
2001110,7,lstm,fine,0.6764395265317908,0.8170695663733221,44.18309624779449,0.4688164617100795
2001110,7,transformer,nopre,0.5139921392564097,0.5841688009829873,54.15019970539481,16.676755562631428
2001110,7,transformer,onlypre,0.5783615903939693,0.6968455210946973,50.43691316673467,22.42459980375971
2001110,7,transformer,fine,0.7224581599511839,0.7855369812972727,40.92066166851803,15.513114422189688
2002110,1,lstm,nopre,0.31732411892815504,0.512322595119223,64.31909162927793,-5.298950206621062
2002110,1,lstm,onlypre,0.0025834115424250292,0.2228588694207424,77.7447221854957,56.53239143678214
2002110,1,lstm,fine,0.26899169130580836,0.3769878431673548,66.55700626447805,11.263534996881148
2002110,1,transformer,nopre,0.2967387472077193,0.25690763129698346,65.28162667306799,-47.36100581559463
2002110,1,transformer,onlypre,0.21783838208998274,0.33337826572024254,68.84634245746322,53.66880218708246
2002110,1,transformer,fine,0.39174346951241523,0.46058027985556305,60.7122059063502,3.6434849261318636
2002110,2,lstm,nopre,0.26134702960568934,0.4521220206888761,66.90409354040335,0.3775502569863239
2002110,2,lstm,onlypre,-0.07572547449028066,0.18759962429048227,80.73896788130968,60.5366887636117
2002110,2,lstm,fine,0.2269303213601327,0.38083303354872167,68.445009248458,12.808168138187407
2002110,2,transformer,nopre,0.2629911888158324,0.47709564620293277,66.82959153018665,-13.17968199711057
2002110,2,transformer,onlypre,0.26859781937297567,0.3820164288761255,66.5749106239557,39.93818053036475
2002110,2,transformer,fine,0.38612531531085204,0.4818584297934536,60.991923330889,20.876710582264646
2002110,3,lstm,nopre,0.2674418507440075,0.45886153682176956,66.62742049153117,3.0435994805118756
2002110,3,lstm,onlypre,-0.060751767060666984,0.1436176737250816,80.17497435213237,66.66930184033671
2002110,3,lstm,fine,0.23597993201758372,0.3769444728897363,68.0431374708781,12.912309186008228
2002110,3,transformer,nopre,0.24410400744646854,0.28786500014285643,67.68040816415795,-36.16444180573734
2002110,3,transformer,onlypre,0.19929968926379982,0.3633832049964153,69.65734965125847,39.87686017253721
2002110,3,transformer,fine,0.3209355157436615,0.43008458587101894,64.14864041277211,3.7258769689697053
2002110,4,lstm,nopre,0.28970913708241386,0.46751339608090015,65.60695868800433,3.531977732195613
2002110,4,lstm,onlypre,-0.03455873445816571,0.13810200305123776,79.17888243994337,67.85293809131045
2002110,4,lstm,fine,0.24437602240945844,0.37911374720950464,67.66820512305387,13.146233394159603
2002110,4,transformer,nopre,0.23310675024223193,0.3477804372830794,68.1709348060104,-24.056553084023285
2002110,4,transformer,onlypre,0.2415935941712214,0.27804918139745427,67.7926776923932,61.36702416156568
2002110,4,transformer,fine,0.35837545009044014,0.4211314692693323,62.35514279915841,5.967632663240716
2002110,5,lstm,nopre,0.2598020947361346,0.4418583148638575,66.97408360871235,2.4894916363092525
2002110,5,lstm,onlypre,-0.018792436909081722,0.14708690589001827,78.57342968225286,66.54151229096526
2002110,5,lstm,fine,0.24029313234550154,0.37350447080811755,67.8509418111323,12.22570597036879
2002110,5,transformer,nopre,0.15471237736792653,0.3860865488134637,71.57067430936269,-12.43689425745539
2002110,5,transformer,onlypre,0.2409498332344513,0.312546820591461,67.82160983524093,55.91743025805905
2002110,5,transformer,fine,0.33583933953768286,0.43281333035284597,63.44091352971876,13.425080850123948
2002110,6,lstm,nopre,0.2815092094081506,0.4376249508085339,65.98465313968244,0.8472403111869407
2002110,6,lstm,onlypre,-0.003672059861441479,0.15847180529068572,77.98808428961348,65.09849510472093
2002110,6,lstm,fine,0.25044035897696826,0.3736279527689821,67.39620342000077,11.052909248808183
2002110,6,transformer,nopre,0.25740652483265103,0.2982234845341969,67.08229306961731,-24.97446650483407
2002110,6,transformer,onlypre,0.32002206059552163,0.4301162998870254,64.19182849928163,30.767021092359073
2002110,6,transformer,fine,0.33317156669053705,0.3931372899536938,63.568123289357175,-1.9723769121915495
2002110,7,lstm,nopre,0.2834320048753015,0.43335142054041886,65.89646245957981,0.44189524560332955
2002110,7,lstm,onlypre,-0.004783930380926504,0.1632402162837927,78.03146089112927,64.14672303967393
2002110,7,lstm,fine,0.2522170621373877,0.3698075175588905,67.3164450832747,10.31118240173383
2002110,7,transformer,nopre,0.22556043924246372,0.2707874896544532,68.50577161917329,-25.62013740255129
2002110,7,transformer,onlypre,0.20746928216249272,0.31375218646764835,69.30131084983157,48.43636559781844
2002110,7,transformer,fine,0.3378624854775185,0.3449138358773173,63.34429318906635,-18.68574955297304
2015110,1,lstm,nopre,0.7644684303546968,0.8812802976101459,38.34755487457335,-1.5850102323333497
2015110,1,lstm,onlypre,0.8192210370288976,0.7951366307405116,33.59596033133307,14.886666182995839
2015110,1,lstm,fine,0.7326945855691649,0.6352218721602256,40.85234513119995,-7.211381423716859
2015110,1,transformer,nopre,0.6705949776852559,0.822970163619572,45.35009724039671,3.2359462863308988
2015110,1,transformer,onlypre,0.7830440596103765,0.677264454851894,36.8043275658877,30.365479971188133
2015110,1,transformer,fine,0.6051138324639046,0.5529566336695457,49.65340948343645,-8.926633304219319
2015110,2,lstm,nopre,0.778570910787941,0.8749172279629915,37.18195808806524,5.904189276086145
2015110,2,lstm,onlypre,0.8044281556560888,0.8012933859375647,34.943635443109905,14.33098252182653
2015110,2,lstm,fine,0.7601275897527174,0.6652283978067453,38.69947466462136,-8.512736527525746
2015110,2,transformer,nopre,0.5050240793020808,0.7545239347000003,55.59131614112336,-5.436102810432988
2015110,2,transformer,onlypre,0.8214561063709992,0.7685675556675162,33.387770599500996,21.08800978707606
2015110,2,transformer,fine,0.8004003890422235,0.7349019248194313,35.30163053846955,3.9289816236260298
2015110,3,lstm,nopre,0.7897176865442574,0.851023759464338,36.23413724313276,10.153640524698336
2015110,3,lstm,onlypre,0.8009256219491945,0.7527956490771541,35.2552854678618,20.380661364409463
2015110,3,lstm,fine,0.7615950977067873,0.6713358487082148,38.5810588451239,-6.856327794446741
2015110,3,transformer,nopre,0.6338263161924365,0.7497858103259161,47.814554795497656,-15.640031033231095
2015110,3,transformer,onlypre,0.779036002210931,0.6787031646264513,37.14302846819304,30.176844355300343
2015110,3,transformer,fine,0.8014003726017671,0.7771497393761508,35.21322214283225,4.58286638790693
2015110,4,lstm,nopre,0.7816179786110891,0.8415231708575598,36.92565755502791,11.183207410097312
2015110,4,lstm,onlypre,0.8098215182265404,0.737325173067687,34.45882662543171,22.717814331324053
2015110,4,lstm,fine,0.7655888966500041,0.6775534579451703,38.25682166702134,-5.932445925200323
2015110,4,transformer,nopre,0.7253017927312577,0.6829632308224114,41.414050576762904,-27.029692687919038
2015110,4,transformer,onlypre,0.734428348732159,0.5969074070743567,40.72027046576873,36.99231848574933
2015110,4,transformer,fine,0.8195926612439774,0.8034760073055083,33.56192766559846,5.355034452059785
2015110,5,lstm,nopre,0.7843188696262713,0.8428884560446118,36.69665676075927,11.226251535427052
2015110,5,lstm,onlypre,0.8092450232515893,0.7399500889028952,34.51106510357132,22.236491510310323
2015110,5,lstm,fine,0.7637633000117883,0.6732011538937062,38.405560521285864,-6.622801163789331
2015110,5,transformer,nopre,0.71314391627354,0.6217676823785719,42.32066241310739,-32.84703497649909
2015110,5,transformer,onlypre,0.7485548758323793,0.5719959145307938,39.62251454898988,39.4208177630511
2015110,5,transformer,fine,0.8195351820885588,0.7456178845228661,33.56732226875874,-3.5194676578841415
2015110,6,lstm,nopre,0.7943840273276903,0.8508109468727914,35.830317249202295,10.73291284101393
2015110,6,lstm,onlypre,0.8077476834332551,0.7461898372088984,34.64639241733811,21.33480334226323
2015110,6,lstm,fine,0.7628923354881947,0.6695832683665801,38.47645268275344,-7.426727707085354
2015110,6,transformer,nopre,0.7334339947046828,0.6082927110079833,40.7966601926021,-33.92774873416999
2015110,6,transformer,onlypre,0.8127492970890757,0.731386569279667,34.19274422393337,15.712666674597926
2015110,6,transformer,fine,0.8447121197488294,0.8008161403421904,31.13802120762859,5.864523063327516
2015110,7,lstm,nopre,0.8035177019910158,0.8595369787299789,35.02575033829403,10.019346150143273
2015110,7,lstm,onlypre,0.8071179025791131,0.7510455397568163,34.703373406641035,20.657649186920434
2015110,7,lstm,fine,0.7649864772722496,0.6683608364029436,38.30647234124958,-7.9580276674193415
2015110,7,transformer,nopre,0.6577291924055944,0.6965577929486462,46.228591667765016,-25.296780611479736
2015110,7,transformer,onlypre,0.8055959776546046,0.5910586677515584,34.840016862472794,39.38065398564463
2015110,7,transformer,fine,0.8214729036685006,0.811795994988478,33.38703127747088,0.8156247177606318
2018110,1,lstm,nopre,0.7347353961770848,0.8566866657929568,118.60023554485184,1.940373425672131
2018110,1,lstm,onlypre,0.7069778155391616,0.8048303312851206,124.65111023152787,12.448613700049286
2018110,1,lstm,fine,0.7436008726102935,0.816514532930307,116.60150918103889,11.246904995470233
2018110,1,transformer,nopre,0.6914937998832322,0.6086020339943832,127.90215104061822,-32.68428706009573
2018110,1,transformer,onlypre,0.529724368638774,0.4770738337909004,157.91454660743608,42.800421546422555
2018110,1,transformer,fine,0.7257670675915755,0.8619349496265831,120.58844751613297,-1.3210151860508341
2018110,2,lstm,nopre,0.6890490014650237,0.8394529269207225,128.4084941456293,2.7759994187741044
2018110,2,lstm,onlypre,0.701477178379116,0.7797469548255268,125.81619418394395,16.362217698071106
2018110,2,lstm,fine,0.750580456571122,0.8127667316246029,115.00401829374584,13.828937420514755
2018110,2,transformer,nopre,0.6723096830981886,0.7802705222280905,131.8194755068948,-13.944004313413355
2018110,2,transformer,onlypre,0.5634312003115143,0.470444184489042,152.15075875770344,45.385358124260655
2018110,2,transformer,fine,0.6718688074239969,0.8243768289577933,131.90812088777938,2.9909217929499
2018110,3,lstm,nopre,0.6853486262641639,0.8397807353559239,129.17068470108674,2.8125666699667464
2018110,3,lstm,onlypre,0.6941634611175992,0.7641713500538969,127.34849905174597,18.193611750376792
2018110,3,lstm,fine,0.7352836396331974,0.7790905116326339,118.4784972528393,17.69150248821417
2018110,3,transformer,nopre,0.7252773187667444,0.7481422810134639,120.69698005738755,-18.71751477897266
2018110,3,transformer,onlypre,0.4718585107535932,0.35279200415628786,167.34944964364905,53.894334825783154
2018110,3,transformer,fine,0.7773603819579818,0.8169337815398829,108.65516351590225,-6.6563364770225215
2018110,4,lstm,nopre,0.679784694622868,0.8375677244945811,130.30855170298594,1.9488950614767486
2018110,4,lstm,onlypre,0.6906732194200015,0.7523148770536894,128.07390032896006,19.596500359953776
2018110,4,lstm,fine,0.7280967116950091,0.764759387020209,120.07679976490033,19.21193774087671
2018110,4,transformer,nopre,0.7332698240579882,0.7556761682542008,118.92905021711776,-17.375147900249583
2018110,4,transformer,onlypre,0.3360740716183215,0.16065992026476295,187.63406593625015,70.57582061460461
2018110,4,transformer,fine,0.7675273019611808,0.8648460543028045,111.02936419211561,-1.2656448647255838
2018110,5,lstm,nopre,0.6733367454578947,0.8344563116363957,131.6145641392182,1.3254151949855089
2018110,5,lstm,onlypre,0.6918973682588854,0.7592503557629942,127.82079416967811,18.77335559070954
2018110,5,lstm,fine,0.7265972022158433,0.7674279939110437,120.40798393828359,18.69978084064847
2018110,5,transformer,nopre,0.7361657922892522,0.6921591575040044,118.28219069489971,-20.88210798249095
2018110,5,transformer,onlypre,0.5144754620597748,0.3159290115970068,160.45727017855958,61.41492371255058
2018110,5,transformer,fine,0.7413233047600358,0.8003208626373761,117.12037642251669,-1.1261154591911928
2018110,6,lstm,nopre,0.6709494471705202,0.8329904231920808,132.0951545936782,0.6877253315193946
2018110,6,lstm,onlypre,0.6938640159416651,0.7670944144867701,127.41271364921498,17.82367923332171
2018110,6,lstm,fine,0.7272520522250145,0.7720316311109481,120.26418730512898,18.028576897971696
2018110,6,transformer,nopre,0.7376178747120529,0.6290521539010746,117.95672275252534,-30.70980705930702
2018110,6,transformer,onlypre,0.6377973748834171,0.5818314975804322,138.58983313925216,37.85724331687666
2018110,6,transformer,fine,0.6767518390808974,0.8198835894927657,130.9253086573909,-3.824798695705154
2018110,7,lstm,nopre,0.6711608287374264,0.832215871535538,132.05360634179678,0.24581409706516713
2018110,7,lstm,onlypre,0.6940016280565802,0.7710744548981939,127.38492964420296,17.296649766237092
2018110,7,lstm,fine,0.7273757947836658,0.7745909398360329,120.23771100237475,17.647011224913435
2018110,7,transformer,nopre,0.7070804138307663,0.5465730052682205,124.63289975224583,-38.87424273077451
2018110,7,transformer,onlypre,0.6720663385103047,0.5337787314457076,131.87166593941257,43.60892946074704
2018110,7,transformer,fine,0.67104659446494,0.7504620423891073,132.07654116694854,17.8069165401952
3008110,1,lstm,nopre,0.7664659224095152,0.7316897234620152,128.044502817594,-11.474782507500993
3008110,1,lstm,onlypre,0.7586449290056043,0.6551629698497738,130.17093399689966,-9.111391507344285
3008110,1,lstm,fine,0.7674642421764423,0.6999548413945136,127.77052510804629,-1.6680001802109798
3008110,1,transformer,nopre,0.7301479565104368,0.598011464845813,137.64126728100666,-34.52886683379746
3008110,1,transformer,onlypre,0.7742272715181443,0.7886586901068808,125.89878755634841,2.511689908580133
3008110,1,transformer,fine,0.7551856138105411,0.700809494848033,131.10047779258443,-11.414513528423276
3008110,2,lstm,nopre,0.7389867912086384,0.7633232549695605,135.36839140441867,-5.065849254608783
3008110,2,lstm,onlypre,0.7706403249462563,0.7321686196270687,126.89501389797779,-3.991539739935444
3008110,2,lstm,fine,0.7837126219364549,0.7875556872216577,123.22579062251998,-0.868390725266954
3008110,2,transformer,nopre,0.738082878158756,0.5963306867278007,135.60258549373572,-34.11328765491904
3008110,2,transformer,onlypre,0.7600619310796136,0.7912537489565713,129.78831821703082,5.301141402713272
3008110,2,transformer,fine,0.7480344199440306,0.6716387418999601,133.00152914743913,-12.736208977594439
3008110,3,lstm,nopre,0.7651637694398734,0.8186150691129401,128.4006282683632,-1.313850781473805
3008110,3,lstm,onlypre,0.7714662889431394,0.7172063485363821,126.66590615947264,-4.943168385802458
3008110,3,lstm,fine,0.787663999511002,0.7844326841613068,122.0945883057336,-2.6427251326343812
3008110,3,transformer,nopre,0.7546597065807106,0.6427882164720701,131.240851226608,-30.04133763832139
3008110,3,transformer,onlypre,0.7748532351805197,0.8068978734419788,125.72378689524774,6.402701470692564
3008110,3,transformer,fine,0.7619133205604299,0.6513989189562563,129.28619303379685,-15.888819039007334
3008110,4,lstm,nopre,0.7652746731244268,0.8232454565140963,128.37010117401167,-0.11051377164713305
3008110,4,lstm,onlypre,0.7755858148923391,0.7165544955346664,125.51888124778137,-4.502661251969356
3008110,4,lstm,fine,0.787261446218261,0.792803609243668,122.21007440102932,-2.0967774495239118
3008110,4,transformer,nopre,0.7339978098515307,0.6946410041176236,136.6553105536648,-23.95505513462214
3008110,4,transformer,onlypre,0.7794692742706906,0.7780632935277615,124.42809742152755,18.696817045770754
3008110,4,transformer,fine,0.8010744663606664,0.6895500030558501,118.17596929095372,-14.676357608028246
3008110,5,lstm,nopre,0.7715398728445065,0.820678626858925,126.64544704803085,0.5880452587916762
3008110,5,lstm,onlypre,0.7700465804027924,0.7101968244508248,127.05867158133616,-4.595723038237939
3008110,5,lstm,fine,0.779123632103397,0.7926946860672823,124.52570246789114,-2.0712707052556607
3008110,5,transformer,nopre,0.7441245248769668,0.6791930848510908,134.0289777839001,-25.028706372598627
3008110,5,transformer,onlypre,0.7892343931935721,0.7784208336380103,121.64219432726772,15.639143740625508
3008110,5,transformer,fine,0.7843650457528296,0.6536636701462021,123.03932921082536,-16.415618325358373
3008110,6,lstm,nopre,0.7542930436816601,0.8083971430454016,131.3389081525915,0.7501943362950669
3008110,6,lstm,onlypre,0.7615512653306945,0.7026413263352848,129.38448056057928,-4.946333741904512
3008110,6,lstm,fine,0.7804971565959551,0.7822060368078336,124.13800187585825,-2.8559841938035486
3008110,6,transformer,nopre,0.7464431590838605,0.7419715444960857,133.42043172563845,-17.514698046158525
3008110,6,transformer,onlypre,0.7491714289286939,0.6960303009147357,132.7006889236878,0.6577469189847418
3008110,6,transformer,fine,0.7464801625718236,0.620129060614349,133.41069583868898,-14.926232862441688
3008110,7,lstm,nopre,0.7412326157959253,0.7996518223716864,134.7857193677208,0.8388079974758308
3008110,7,lstm,onlypre,0.7570566774036155,0.6946787736645534,130.5995247063123,-5.403412732699245
3008110,7,lstm,fine,0.777512836531108,0.7726784969435495,124.98030857151885,-3.5423934849273415
3008110,7,transformer,nopre,0.7459664451406934,0.7419615358006838,133.5471597014552,-16.36304892838616
3008110,7,transformer,onlypre,0.7107403813350487,0.6696235666739532,142.50595656589786,7.590009827380748
3008110,7,transformer,fine,0.7408450338484471,0.6536691455002821,134.88662266535547,-7.96920214347631
4001110,1,lstm,nopre,0.7490807631657965,0.8660384158378674,37.90335487279286,4.623100842763966
4001110,1,lstm,onlypre,0.8494213511809895,0.8038293810320516,29.362455427245536,17.715190372408518
4001110,1,lstm,fine,0.7601752939985418,0.6826735577880287,37.05592280585046,-5.905355139490616
4001110,1,transformer,nopre,0.7328492531010422,0.43953267231585624,39.11009483011404,-46.599581140579225
4001110,1,transformer,onlypre,0.7154811132147838,0.6030345850762983,40.361400092721304,35.60777195233083
4001110,1,transformer,fine,0.740513685666547,0.7280704851551736,38.54498680843303,0.665956855717703
4001110,2,lstm,nopre,0.6517896727313799,0.7957551848580243,44.65096747893278,7.228745368868342
4001110,2,lstm,onlypre,0.8562325875799922,0.807874814998441,28.690642758212732,17.823348408672086
4001110,2,lstm,fine,0.8032654891934803,0.7496257709231818,33.56219254872718,-4.933900892448339
4001110,2,transformer,nopre,0.7665107392997716,0.5879241639929136,36.56314163616028,-35.654109426962385
4001110,2,transformer,onlypre,0.8378091204078688,0.8189685643560769,30.47356503247851,14.874995472101045
4001110,2,transformer,fine,0.7299427055137496,0.6950279475934309,39.32221794882298,-5.770884080698095
4001110,3,lstm,nopre,0.6719878072697172,0.8026852787064812,43.33677053337978,8.095314385577801
4001110,3,lstm,onlypre,0.8505185113691538,0.7503870196048823,29.25534728013379,23.826062544170377
4001110,3,lstm,fine,0.7969877956479517,0.7602205563490757,34.093581368691666,-1.7968097181586105
4001110,3,transformer,nopre,0.6352135015172271,0.7044870324730972,45.70154988719862,-21.72936578921816
4001110,3,transformer,onlypre,0.868307706366812,0.7915507124974448,27.459443507285744,19.546650176629772
4001110,3,transformer,fine,0.7269702989212401,0.6829887320987182,39.53816391528659,-5.247621490498207
4001110,4,lstm,nopre,0.678964883177245,0.808061215113327,42.873321965103095,6.866604425451147
4001110,4,lstm,onlypre,0.8480094843673205,0.7332540369709262,29.499802549290195,25.610440175121493
4001110,4,lstm,fine,0.7940768931877226,0.765792632904268,34.337083604973245,0.36929293588712453
4001110,4,transformer,nopre,0.6507791968615748,0.812522263416838,44.71579107601294,-7.25687560675397
4001110,4,transformer,onlypre,0.755688952633159,0.647585117787247,37.40093140823531,31.298956290324583
4001110,4,transformer,fine,0.720131161315613,0.6783771048409942,40.0302348277367,-9.214961985074401
4001110,5,lstm,nopre,0.6749973923888888,0.8084525892781576,43.13722293803195,5.73657015844484
4001110,5,lstm,onlypre,0.8470198926840276,0.7412857920380194,29.59553811116548,24.750606833414228
4001110,5,lstm,fine,0.7930655860524563,0.7675678663509036,34.42112979005806,1.1303028864072437
4001110,5,transformer,nopre,0.7175474423792725,0.8356960006365969,40.21439283265977,8.20428101042702
4001110,5,transformer,onlypre,0.7942661717851862,0.7009087002091801,34.3211328119494,25.271740409627828
4001110,5,transformer,fine,0.7360769465578068,0.6874162254182997,38.872943197458945,-6.746030712172751
4001110,6,lstm,nopre,0.6584173225145046,0.802159045707879,44.223863347264526,4.691142627125656
4001110,6,lstm,onlypre,0.8444945353398825,0.7509346559511215,29.838816097655574,23.692317353330463
4001110,6,lstm,fine,0.7908220044729143,0.7678845393801931,34.607223576421184,1.3520007744428149
4001110,6,transformer,nopre,0.7812084739464444,0.8474392138026887,35.39354054771005,-6.9831393337850605
4001110,6,transformer,onlypre,0.8159103516627337,0.795467368522996,32.46560079997437,9.91003510001087
4001110,6,transformer,fine,0.7304376221106972,0.6800376984244986,39.28605312160684,-4.742662505832243
4001110,7,lstm,nopre,0.6610941766189655,0.8059951976772352,44.05040877617052,3.7055952405862453
4001110,7,lstm,onlypre,0.8409452249599786,0.757290495737923,30.17753644673113,22.960271399970072
4001110,7,lstm,fine,0.7871133710829724,0.7667616689666248,34.91279510849097,1.3323594807528072
4001110,7,transformer,nopre,0.7774025572117336,0.5778749037140671,35.7001887812854,-34.976363700687536
4001110,7,transformer,onlypre,0.8660364800108037,0.6843122676739777,27.695148773839648,30.728230365363565
4001110,7,transformer,fine,0.747844224859268,0.6484637564206185,37.996613117333396,5.381363827313913
4007110,1,lstm,nopre,0.550191437385373,0.4885661484220202,59.8929824397679,31.551061177572738
4007110,1,lstm,onlypre,0.5721626940754723,0.5580944265434511,58.41190981498122,24.151497788528797
4007110,1,lstm,fine,0.5225797181572278,0.5174484268420787,61.70388557587222,8.46020848347715
4007110,1,transformer,nopre,0.4680205630452253,0.21976692647109541,65.13426298355492,-72.4753679989662
4007110,1,transformer,onlypre,0.4497137795021664,0.4435252530802465,66.24550262324206,49.25035049922676
4007110,1,transformer,fine,0.5128885755152601,0.4730375617951834,62.32700213841671,-12.127508851620101
4007110,2,lstm,nopre,0.507322111749096,0.4257206460266054,62.68252584405559,37.14789273621047
4007110,2,lstm,onlypre,0.5351211216189791,0.5613994194628893,60.88844179154614,19.695037647267274
4007110,2,lstm,fine,0.49732493100582253,0.5152796093048971,63.31529371559973,11.340806099824125
4007110,2,transformer,nopre,0.45638385920304103,0.14832391016547586,65.84322952945563,-78.64060002862296
4007110,2,transformer,onlypre,0.467172748867537,0.5394091562575698,65.18657557771752,34.92977553229759
4007110,2,transformer,fine,0.49397201807441216,0.4480985071354927,63.526103693803556,-11.272610526737074
4007110,3,lstm,nopre,0.48485609446715927,0.4097480622108677,64.09570162116137,38.423771825305074
4007110,3,lstm,onlypre,0.525781717501684,0.5448803960610847,61.49697723824875,19.178788598492776
4007110,3,lstm,fine,0.48465923395884525,0.49756860617692644,64.10794742958839,11.940300978950068
4007110,3,transformer,nopre,0.3884004467017499,0.14933939629330562,69.83903060419064,-77.60979714273907
4007110,3,transformer,onlypre,0.48561976711830024,0.5370892318310962,64.04817481549667,34.930033693283406
4007110,3,transformer,fine,0.4816443377731989,0.4208436708176092,64.29519920375787,-13.74469263259656
4007110,4,lstm,nopre,0.4995955309401001,0.4143629370461134,63.17261571328453,35.53560395138306
4007110,4,lstm,onlypre,0.5223598130318907,0.5453652873301531,61.718974245060515,18.334174861972862
4007110,4,lstm,fine,0.4790209348645492,0.492592003984481,64.45823445563809,12.84256709264809
4007110,4,transformer,nopre,0.3786821508257415,0.30739004723275287,70.392304739949,-61.9790643370051
4007110,4,transformer,onlypre,0.3698119189972492,0.4167560264292117,70.89300119160414,49.05433639313232
4007110,4,transformer,fine,0.46909218776823325,0.4581236168821289,65.0695536592743,-8.201867282530214
4007110,5,lstm,nopre,0.48535728793689326,0.4108953618849933,64.06529275941385,33.57810446980413
4007110,5,lstm,onlypre,0.5212523666490312,0.5488062139198464,61.79071514249544,16.859761026008123
4007110,5,lstm,fine,0.47953319007118156,0.49274650714179746,64.42677930247379,12.815053786461423
4007110,5,transformer,nopre,0.31680274571454825,0.32780356962893875,73.81471677342937,-56.88251851938876
4007110,5,transformer,onlypre,0.3843334551302743,0.5035516155836361,70.07170403111506,38.053378236886964
4007110,5,transformer,fine,0.4765101628795597,0.45396852817509326,64.61361341808568,-11.701674512703368
4007110,6,lstm,nopre,0.4838841108100572,0.4075556725183537,64.15723441376326,35.394348085655494
4007110,6,lstm,onlypre,0.521215025619817,0.5515609901731293,61.793426279727576,15.653426939003026
4007110,6,lstm,fine,0.4813938546276758,0.4945763062128449,64.31182730333124,12.485408772574365
4007110,6,transformer,nopre,0.3052226917894586,0.34649507723958073,74.4380234701804,-55.15223762067159
4007110,6,transformer,onlypre,0.42289207687994024,0.5295805280238326,67.84229616324536,15.136438613931995
4007110,6,transformer,fine,0.459772391993013,0.4332109371731865,65.63876595046575,-16.04910323944667
4007110,7,lstm,nopre,0.46990752606404507,0.3956759860743234,65.02047126856594,38.56049683486627
4007110,7,lstm,onlypre,0.521889336090275,0.5525983176839311,61.750219969157804,14.834069826824859
4007110,7,lstm,fine,0.48315384950088647,0.4958969868952722,64.2029430901489,12.15947481359337
4007110,7,transformer,nopre,0.3863615310160512,0.18556858589117986,69.9569042355618,-72.3964953090183
4007110,7,transformer,onlypre,0.4348069056112659,0.48218502768784444,67.13866745190914,34.86570980276047
4007110,7,transformer,fine,0.49783618346964265,0.4515677321334386,63.284448824170525,-15.101196261769523
